{"cameraMode":{"drawMode":0,"name":"Shaded","section":"Shading Mode"},"sceneLighting":true,"audioPlay":false,"sceneViewState":{"m_AlwaysRefresh":false,"showFog":true,"showSkybox":true,"showFlares":true,"showImageEffects":true,"showParticleSystems":true,"showVisualEffectGraphs":true,"m_FxEnabled":true},"in2DMode":false,"pivot":{"x":-2.8744654655456545,"y":5.613396644592285,"z":-8.087724685668946},"rotation":{"x":0.12784914672374726,"y":-0.05501529574394226,"z":0.0071024103090167049,"w":0.9902459979057312},"size":7.244753360748291,"orthographic":true}