{"cameraMode":{"drawMode":0,"name":"Shaded","section":"Shading Mode"},"sceneLighting":false,"audioPlay":false,"sceneViewState":{"m_AlwaysRefresh":false,"showFog":true,"showSkybox":false,"showFlares":true,"showImageEffects":true,"showParticleSystems":true,"showVisualEffectGraphs":true,"m_FxEnabled":true},"in2DMode":false,"pivot":{"x":-12.775825500488282,"y":11.019063949584961,"z":10.05416202545166},"rotation":{"x":0.020393501967191697,"y":0.017995813861489297,"z":-0.00036280290805734694,"w":0.9996410608291626},"size":4.7214674949646,"orthographic":false}