{"cameraMode":{"drawMode":0,"name":"Shaded","section":"Shading Mode"},"sceneLighting":false,"audioPlay":false,"sceneViewState":{"m_AlwaysRefresh":false,"showFog":true,"showSkybox":false,"showFlares":true,"showImageEffects":true,"showParticleSystems":true,"showVisualEffectGraphs":true,"m_FxEnabled":true},"in2DMode":false,"pivot":{"x":-5.340116024017334,"y":11.693573951721192,"z":11.813332557678223},"rotation":{"x":0.03689035028219223,"y":0.0014997620601207018,"z":-0.00005338132177712396,"w":0.9993331432342529},"size":8.002362251281739,"orthographic":false}