{"cameraMode":{"drawMode":0,"name":"Shaded","section":"Shading Mode"},"sceneLighting":false,"audioPlay":false,"sceneViewState":{"m_AlwaysRefresh":false,"showFog":true,"showSkybox":false,"showFlares":true,"showImageEffects":true,"showParticleSystems":true,"showVisualEffectGraphs":true,"m_FxEnabled":true},"in2DMode":false,"pivot":{"x":-1.0368452072143555,"y":4.7178192138671879,"z":3.860445499420166},"rotation":{"x":0.6299031972885132,"y":0.026781383901834489,"z":-0.02173982933163643,"w":0.7759279608726502},"size":1.7427281141281129,"orthographic":false}