{"cameraMode":{"drawMode":0,"name":"Shaded","section":"Shading Mode"},"sceneLighting":false,"audioPlay":false,"sceneViewState":{"m_AlwaysRefresh":false,"showFog":true,"showSkybox":false,"showFlares":true,"showImageEffects":true,"showParticleSystems":true,"showVisualEffectGraphs":true,"m_FxEnabled":true},"in2DMode":false,"pivot":{"x":-4.1093854904174809,"y":14.988852500915528,"z":13.347042083740235},"rotation":{"x":0.04734433442354202,"y":-0.038946449756622317,"z":0.0018525929190218449,"w":0.9981296062469482},"size":2.25880765914917,"orthographic":false}