{"cameraMode":{"drawMode":0,"name":"Shaded","section":"Shading Mode"},"sceneLighting":false,"audioPlay":false,"sceneViewState":{"m_AlwaysRefresh":false,"showFog":true,"showSkybox":false,"showFlares":true,"showImageEffects":true,"showParticleSystems":true,"showVisualEffectGraphs":true,"m_FxEnabled":true},"in2DMode":false,"pivot":{"x":-1.0392451286315919,"y":14.116389274597168,"z":17.16034698486328},"rotation":{"x":-0.0335158109664917,"y":0.06890715658664704,"z":0.002320334780961275,"w":0.9970666170120239},"size":15.052315711975098,"orthographic":false}