{"cameraMode":{"drawMode":0,"name":"Shaded","section":"Shading Mode"},"sceneLighting":false,"audioPlay":false,"sceneViewState":{"m_AlwaysRefresh":false,"showFog":true,"showSkybox":false,"showFlares":true,"showImageEffects":true,"showParticleSystems":true,"showVisualEffectGraphs":true,"m_FxEnabled":true},"in2DMode":false,"pivot":{"x":-3.0577611923217775,"y":0.3948151469230652,"z":-1.5425944328308106},"rotation":{"x":0.2150954306125641,"y":-0.030756916850805284,"z":0.0067779007367789749,"w":0.9760869741439819},"size":3.6702256202697756,"orthographic":true}