{"cameraMode":{"drawMode":0,"name":"Shaded","section":"Shading Mode"},"sceneLighting":false,"audioPlay":false,"sceneViewState":{"m_AlwaysRefresh":false,"showFog":true,"showSkybox":false,"showFlares":true,"showImageEffects":true,"showParticleSystems":true,"showVisualEffectGraphs":true,"m_FxEnabled":true},"in2DMode":false,"pivot":{"x":-10.235725402832032,"y":-3.281236171722412,"z":12.649673461914063},"rotation":{"x":0.05487031489610672,"y":-0.004492738284170628,"z":0.0002508590987417847,"w":0.9984928369522095},"size":6.029426574707031,"orthographic":false}