{"cameraMode":{"drawMode":0,"name":"Shaded","section":"Shading Mode"},"sceneLighting":false,"audioPlay":false,"sceneViewState":{"m_AlwaysRefresh":false,"showFog":true,"showSkybox":false,"showFlares":true,"showImageEffects":true,"showParticleSystems":true,"showVisualEffectGraphs":true,"m_FxEnabled":true},"in2DMode":false,"pivot":{"x":-9.373539924621582,"y":5.824526786804199,"z":2.811115264892578},"rotation":{"x":-0.0021023729350417854,"y":-0.008997779339551926,"z":-0.000012677554877882358,"w":0.9999885559082031},"size":6.907673358917236,"orthographic":true}