{"cameraMode":{"drawMode":0,"name":"Shaded","section":"Shading Mode"},"sceneLighting":false,"audioPlay":false,"sceneViewState":{"m_AlwaysRefresh":false,"showFog":true,"showSkybox":false,"showFlares":true,"showImageEffects":true,"showParticleSystems":true,"showVisualEffectGraphs":true,"m_FxEnabled":true},"in2DMode":false,"pivot":{"x":-8.508678436279297,"y":9.105250358581543,"z":13.364309310913086},"rotation":{"x":0.017393646761775018,"y":-0.020993618294596673,"z":0.00036578267463482916,"w":0.9996650815010071},"size":11.330090522766114,"orthographic":true}